lat,lng
-6.0049,-52.3549
-14.0995,-58.7788
-5.9995,-53.7278
-5.9997,-53.7264
-6.0041,-52.3507
-14.1430,-58.3710
-6.0034,-52.3464
-16.0738,-53.9820
-16.0739,-53.9863
-16.0693,-53.9830
-6.5847,-51.4006
-16.0694,-53.9873
-6.5837,-51.3937
-6.5828,-51.3867
-8.9643,-68.6245
-8.9908,-68.3369
-9.0133,-68.6934
-9.0417,-68.2106
-9.0523,-68.4671
-9.0541,-68.4630
-10.2832,-50.2526
-10.2838,-50.2778
-10.2828,-50.2726
-10.5438,-50.4404
-11.1114,-49.7604
-11.1120,-49.6669
-11.1125,-49.7659
-3.5100,-48.9400
-18.9100,-49.9100
-14.7230,-59.8140
-9.9720,-54.1560
-9.9740,-54.1650
-14.7800,-58.8990
-14.7820,-58.9130
-9.9750,-54.1750
-10.2920,-50.2900
-10.3010,-50.2730
-2.4170,-57.1030
-16.9560,-55.9530
-8.7350,-54.5730
-9.7500,-64.2030
-10.2620,-49.7690
-10.2650,-49.7860
-16.9540,-55.8700
-10.2770,-49.7840
-10.2890,-50.2750
-16.9540,-55.9430
-5.5200,-48.4300
-22.5200,-48.2300
-22.0910,-45.2000
-5.4110,-45.0070
-20.8490,-44.6480
-20.2400,-45.7470
-5.6900,-47.8400
-5.4000,-44.9900
-8.1200,-45.1000
-3.6700,-40.3900
-3.6700,-40.4400
-16.5400,-49.1300
-12.8900,-52.9700
-12.8900,-52.9900
-12.8700,-52.9700
-5.9200,-46.8100
-7.1500,-46.0300
-9.0700,-49.8200
-10.0200,-48.4000
-9.1100,-46.9600
-8.8700,-51.1100
-10.0400,-48.3400
-15.7123,-59.7375
-15.6430,-59.8286
-7.2457,-59.6315
-7.2461,-59.6284
-10.4736,-56.3465
-10.4728,-56.3526
-10.4498,-56.8632
-14.7722,-56.7295
-9.4024,-64.7461
-15.5739,-56.9494
-16.7809,-57.5507
-7.1500,-46.0100
-16.7200,-53.0900
-8.0400,-45.5000
-6.7200,-44.0400
-12.1600,-47.3900
-7.1500,-46.0300
-4.2800,-48.2400
-8.0500,-45.5200
-8.3900,-48.8200
-6.8800,-46.6500
-4.9100,-48.5700
-8.0700,-47.1300
-7.1500,-46.0300
-8.0734,-34.9785
-10.6125,-67.9335
-17.0047,-58.1796
-16.8214,-57.9262
-16.8991,-56.1155
-21.4326,-46.8910
-16.5277,-49.1311
-21.4290,-46.8551
-8.9613,-45.0183
-4.4768,-54.9343
-8.9607,-45.0229
-21.4319,-46.8661
-7.4251,-44.7870
-17.1219,-56.4411
-16.9313,-56.1036
-4.4742,-54.9730
-16.5462,-49.1173
-22.0290,-46.6408
-21.4271,-46.8582
-16.9290,-56.1192
-17.0131,-58.1699
-16.9296,-56.1153
-16.9302,-56.1114
-17.1259,-56.5786
-6.3624,-44.1433
-7.1771,-46.5735
-11.5438,-63.1113
-13.8093,-59.4705
-17.2202,-57.4255
-7.3205,-43.3111
-7.3196,-43.3163
-6.8876,-43.8806
-6.6258,-43.6004
-17.5320,-48.2499
-5.8212,-46.4753
-4.1706,-53.9233
-5.8217,-46.4720
-2.9125,-45.8805
-19.5745,-48.2613
-4.2815,-56.3872
-6.1224,-55.6998
-14.4194,-59.4396
-4.3752,-56.3076
-5.1473,-55.9796
-3.5241,-54.6252
-3.4028,-54.2787
-9.6559,-46.9638
-6.8946,-56.5899
-3.3917,-54.2842
-9.6485,-46.9775
-9.6490,-46.9740
-3.3922,-54.2807
-9.6495,-46.9705
-10.3141,-46.7536
-3.6189,-54.4334
-10.3198,-46.7536
-9.4514,-46.6908
-6.8912,-56.5894
-3.6222,-54.4340
-9.4519,-46.6872
-9.6471,-46.9882
-6.7881,-47.8812
-6.7884,-47.8750
-15.6813,-59.7957
-17.4567,-57.0427
-3.8583,-54.3743
-9.6651,-48.1010
-10.1657,-48.7991
-9.4011,-48.2224
-20.4092,-55.5115
-10.3173,-50.1931
-10.3179,-50.1887
-4.5141,-55.9839
-7.3429,-55.3572
-6.9029,-50.9936
-6.9924,-50.9428
-8.5035,-48.8734
-8.5082,-48.8741
-7.2897,-54.9806
-8.5129,-48.8749
-8.5170,-48.8806
-15.3215,-59.2870
-8.5995,-54.8595
-9.8226,-51.7782
-11.0620,-50.9078
-8.3539,-57.5937
-8.5572,-54.8610
-24.1686,-50.8443
-24.1741,-50.8418
-22.0455,-50.1774
-22.0458,-50.1742
-17.1800,-56.7700
-16.7400,-53.0900
-6.9000,-46.6500
-6.0100,-45.8900
-5.7988,-46.7997
-8.4722,-54.8329
-6.8800,-46.6500
-6.2700,-47.7100
-6.8800,-46.6500
-17.0400,-57.3700
-16.9400,-56.1200
-8.5100,-47.0000
-8.4100,-48.8200
-8.7800,-61.4400
-17.1800,-56.7700
-17.0300,-57.3900
-17.0400,-57.3700
-17.0400,-57.3700
-17.0300,-57.3900
-17.1800,-56.7500
-10.2600,-50.2100
-17.0400,-57.3700
-17.0300,-57.3900
-10.2400,-50.2400
-8.5000,-54.9000
-16.7400,-53.0700
-10.2400,-50.2600
-10.2200,-50.2600
-11.8930,-56.6400
-15.5800,-59.8400
-3.2300,-50.2800
-9.0900,-46.9400
-9.0900,-46.9600
-15.2480,-56.6940
-17.5700,-57.0540
-17.1800,-56.7500
-17.1800,-56.7700
-16.7400,-53.0700
-16.7400,-53.0900
-16.7200,-53.0700
-16.7200,-53.0900
-15.7400,-59.7400
-15.7200,-59.7500
-4.2650,-55.1550
-4.1950,-54.1270
-7.2820,-55.2970
-8.5770,-54.8860
-8.5860,-54.8880
-8.8560,-54.9280
-6.6520,-54.9460
-9.2590,-48.1962
-11.3249,-55.4468
-6.7260,-52.1680
-15.7312,-57.2684
-8.3986,-48.8189
-13.1945,-56.8109
-8.3980,-48.8227
-3.6847,-40.3734
-6.5455,-40.0177
-4.3825,-40.1147
-7.4557,-50.8355
-3.8597,-40.3534
-3.8569,-40.3492
-16.9114,-54.5567
-7.3827,-50.9694
-6.5023,-52.8964
-4.3529,-50.8375
-9.7710,-47.0923
-12.4184,-46.4919
-6.4791,-51.9434
-5.5141,-51.4101
-18.6668,-47.0597
-20.2989,-47.5971
-5.5926,-51.6742
-11.3680,-47.2279
-11.3779,-47.2243
-11.7944,-46.8003
-6.8979,-46.6523
-16.4282,-55.1446
-8.9619,-46.5876
-6.5105,-51.7961
-6.8840,-46.6681
-18.1966,-53.3614
-5.6841,-47.8339
-5.6779,-47.8220
-18.1976,-53.3563
-5.6767,-47.8290
-6.2873,-47.7133
-18.2002,-53.4428
-6.2850,-47.7027
-6.2833,-47.7127
-8.9423,-64.9522
-17.1339,-49.4986
-17.0057,-49.7829
-15.9451,-54.4434
-16.6639,-49.3815
-16.6602,-49.3807
-9.8467,-55.6583
-10.4400,-61.2800
-6.9000,-46.6700
-13.2000,-56.8200
-7.0400,-50.7400
-10.4400,-61.2600
-7.0400,-50.7600
-8.5035,-54.9070
-18.8800,-49.2100
-16.7400,-57.4600
-10.2400,-50.2400
-4.0370,-53.9910
-5.5150,-49.8260
-8.5820,-54.8920
-8.5730,-54.8940
-6.0000,-53.3720
-4.1940,-54.1280
-6.0090,-53.3700
-9.9360,-48.7830
-7.7480,-61.2840
-8.5600,-54.9020
-7.0650,-50.7530
-6.0870,-53.3990
-7.3760,-44.8900
-3.8140,-55.6810
-8.1020,-55.5700
-16.1000,-53.9200
-3.2500,-50.2600
-15.5800,-55.5000
-11.3200,-55.4300
-3.2300,-50.2800
-4.1700,-47.6400
-3.2300,-50.2600
-6.8800,-46.6800
-6.8800,-46.6300
-7.0600,-50.7400
-12.8000,-56.6900
-13.2200,-51.6900
-8.2500,-55.0100
-11.3660,-55.1360
-22.0240,-48.4750
-21.9620,-47.9390
-21.9600,-47.9290
-21.9530,-47.9410
-6.2700,-47.7100
-6.7900,-47.8500
-18.2100,-53.4400
-21.4300,-46.8500
-3.2300,-50.2600
-12.9000,-53.4900
-12.9000,-53.4700
-15.5700,-51.7600
-15.5700,-51.7400
-17.2600,-52.6700
-17.2600,-52.6500
-6.2700,-47.7100
-16.8600,-57.2400
-3.2500,-50.2800
-3.2300,-50.2600
-3.2300,-50.2800
-21.4500,-46.8500
-11.7949,-60.7528
-19.1282,-53.4824
-19.1287,-53.4787
-8.5229,-54.8815
-7.1543,-41.2084
-7.1508,-41.2078
-9.7335,-55.1742
-7.0664,-52.5589
-7.1501,-41.2118
-7.0568,-41.7497
-7.0561,-41.7539
-7.1466,-41.2112
-13.5187,-60.9989
-6.7656,-52.2626
-13.1901,-57.1436
-6.7687,-52.2675
-6.7698,-52.1091
-15.5700,-51.7400
-15.4100,-48.0300
-15.4100,-48.0100
-15.5700,-51.7600
-6.9000,-46.6500
-3.2500,-50.2600
-3.2500,-50.2800
-3.2300,-50.2600
-21.0200,-47.3100
-21.4500,-46.8500
-6.3100,-51.8900
-6.1300,-53.3200
-10.4400,-61.3000
-10.4400,-61.2800
-15.1600,-59.4800
-7.3600,-55.3500
-12.5200,-54.7700
-8.3600,-56.2700
-11.2100,-54.1000
-6.8600,-44.2800
-8.3600,-56.2500
-16.8000,-57.5200
-8.7400,-61.4200
-16.8600,-57.3100
-16.8800,-57.3000
-8.7400,-61.4400
-10.6400,-50.0300
-8.5500,-51.3200
-8.5700,-51.3600
-6.8600,-44.2800
-4.2800,-48.2400
-7.3400,-55.3500
-8.3600,-56.2700
-8.5500,-51.3600
-8.5500,-51.3400
-10.4200,-61.3000
-8.3700,-56.2700
-6.1500,-53.3200
-8.5900,-54.7900
-8.7400,-61.4200
-11.2300,-54.0900
-13.9000,-54.4200
-8.7400,-61.4400
-3.9600,-51.9800
-14.3500,-47.6400
-16.5600,-49.1300
-4.9200,-48.5100
-6.8600,-44.3100
-15.7400,-59.6800
-4.2800,-48.2400
-11.7500,-51.9000
-15.7200,-59.6900
-6.8600,-44.3100
-6.8600,-44.2800
-8.7400,-61.4400
-16.5800,-49.1000
-8.8300,-51.1100
-15.7200,-59.7100
-10.6500,-50.0200
-6.1800,-43.0200
-6.8912,-41.9349
-6.8903,-41.9415
-6.8885,-41.9335
-6.8880,-41.9371
-4.6076,-43.6068
-4.6047,-43.6048
-4.3484,-43.3062
-8.6008,-51.1898
-12.5726,-54.5771
-17.1368,-55.0751
-19.3522,-53.1888
-3.3775,-50.2052
-19.8903,-57.5707
-16.4735,-54.1228
-9.2400,-59.7852
-9.2392,-59.7901
-8.2155,-54.8760
-7.1676,-49.2951
-4.6133,-43.6109
-6.3792,-43.8728
-9.7662,-47.0899
-15.5412,-48.0012
-2.7551,-46.7084
-8.0667,-51.7876
-16.0611,-57.5410
-9.2635,-45.5064
-21.9208,-48.1915
-5.4628,-46.2570
-18.7140,-57.5759
-17.6375,-56.2846
-17.3890,-55.9947
-4.3774,-55.4429
-18.1917,-53.3358
-11.1195,-50.8796
-6.5301,-54.9209
-10.0143,-64.2780
-17.1153,-53.0822
-16.5068,-56.1280
-14.6351,-55.1852
-17.3110,-52.6894
-17.3071,-52.6925
-14.6330,-55.1768
-17.2700,-52.6786
-17.2672,-52.6744
-17.3132,-52.6972
-9.8509,-50.6024
-9.8504,-50.6060
-9.8515,-50.5988
-9.8511,-50.6907
-14.6234,-55.1913
-9.1820,-56.8912
-10.4336,-50.7113
-10.4331,-50.7149
-8.3600,-56.2700
-10.8100,-51.0500
-8.3600,-56.2500
-8.3700,-56.2700
-8.3400,-56.2700
-8.3600,-56.2900
-11.7500,-51.9000
-12.9000,-53.4800
-7.3400,-55.3500
-11.2100,-54.1000
-7.3400,-55.3300
-7.3600,-55.3500
-11.2300,-54.0900
-14.1400,-52.7600
-7.8500,-48.2900
-8.3700,-48.8900
-12.0000,-49.2200
-16.4800,-55.3100
-8.5500,-51.3400
-6.6700,-53.5700
-12.5100,-54.7300
-6.6800,-52.1200
-6.6900,-53.5700
-12.5100,-54.7100
-15.3000,-56.6900
-6.7100,-52.5900
-6.7200,-52.0100
-14.6200,-55.1800
-6.7400,-52.0100
-16.3200,-55.8300
-6.7547,-52.2601
-7.5231,-51.8336
-7.4856,-51.9454
-7.4384,-51.8210
-7.4406,-51.8308
-7.4427,-51.8406
-11.3345,-55.3330
-11.3210,-55.3158
-3.4200,-54.2700
-3.4000,-54.2700
-21.4300,-46.8500
-20.0800,-46.1000
-19.3600,-46.2400
-18.2100,-53.4400
-15.4100,-48.0100
-6.9721,-52.6528
-6.9624,-52.6549
-6.7287,-52.6147
-6.7310,-52.6254
-6.7333,-52.6361
-4.9341,-48.5629
-4.9356,-48.5698
-4.9243,-48.5651
-4.9258,-48.5719
-4.9274,-48.5788
-4.9207,-48.5948
-4.9284,-48.6295
-9.3700,-56.9400
-9.5800,-56.8200
-9.6000,-56.8200
-7.2109,-46.0938
-8.7048,-47.6031
-9.9156,-55.5052
-6.4842,-53.2327
-14.2364,-47.1752
-9.8325,-51.5482
-9.8382,-51.5842
-9.8204,-51.5361
-6.0973,-53.4115
-6.0841,-53.3920
-6.0853,-53.3992
-6.0864,-53.4065
-6.0732,-53.3869
-11.8835,-56.8021
-11.8586,-56.6963
-11.8721,-56.7921
-11.8438,-56.9489
-13.2288,-56.8087
-13.2306,-56.8214
-8.6926,-51.2635
-21.9972,-47.9467
-18.2020,-53.4680
-22.2970,-47.4690
-20.4960,-46.9470
-3.9700,-54.2200
-21.4300,-46.8500
-8.1450,-49.4430
-23.7227,-51.9977
-17.4369,-48.2383
-15.5858,-55.4976
-4.9189,-48.5261
-4.9183,-48.5301
-16.7385,-53.0819
-4.9225,-48.5307
-4.9232,-48.5267
-16.7456,-53.0464
-8.5144,-54.8816
-9.9301,-55.4828
-23.3572,-51.1235
-23.3563,-51.1282
-16.0628,-53.9934
-23.7449,-50.8385
-23.7227,-51.9959
-17.9776,-57.4301
-11.4570,-47.1694
-6.2034,-52.1275
-18.2768,-57.5247
-11.8222,-55.0864
-17.0380,-57.3810
-18.2712,-57.5283
-18.2513,-57.5198
-10.0800,-65.3000
-1.7020,-52.0990
-6.1540,-52.8280
-8.8600,-47.0500
-8.7400,-61.4200
-8.7800,-61.4400
-8.7800,-61.4200
-8.8700,-51.1100
-19.1320,-45.4400
-8.8781,-44.1533
-10.9892,-50.8689
-8.8803,-44.1609
-8.8875,-44.1800
-10.9878,-50.9018
-4.2569,-55.1214
-8.6504,-44.9826
-8.8671,-44.1372
-11.0605,-51.5844
-6.3721,-43.8032
-3.8161,-50.6367
-7.0983,-42.2264
-6.1865,-42.1320
-19.0370,-45.9788
-11.3972,-42.0191
-5.7083,-41.1722
-5.9677,-43.5247
-5.4516,-49.0428
-8.3440,-56.2950
-8.3560,-55.0680
-8.3320,-56.3030
-8.2720,-54.9450
-8.2610,-55.0200
-8.2600,-55.0290
-6.8359,-48.4131
-6.8318,-48.4076
-16.9473,-55.9451
-5.5683,-49.4415
-11.3258,-55.2413
-5.8727,-49.5210
-14.7822,-56.7685
-3.6857,-51.3860
-4.1390,-48.3908
-4.1397,-48.3869
-16.8225,-54.2890
-4.1693,-48.2095
-4.1722,-48.2182
-16.8230,-54.2863
-17.5980,-57.0490
-17.6090,-57.0410
-17.6070,-57.0510
-17.5330,-57.0480
-10.2400,-50.2400
-8.3289,-48.8664
-8.3282,-48.8714
-7.2511,-55.1411
-10.7669,-51.0820
-11.8870,-56.7022
-8.2614,-55.3704
-9.7518,-51.5469
-9.7507,-51.6121
-11.8281,-56.2744
-9.7212,-51.6186
-9.1690,-56.8851
-9.3304,-59.1450
-6.9829,-51.1817
-9.7573,-51.5374
-11.8314,-56.2750
-9.7533,-51.5366
-9.7523,-51.5435
-10.6639,-56.4162
-7.7829,-54.7902
-21.2793,-45.0543
-18.2693,-55.9428
-6.3317,-48.0583
-6.3272,-48.1691
-7.3374,-55.3707
-6.3267,-48.1646
-6.3260,-48.1699
-7.3346,-55.3667
-2.7445,-54.6386
-5.1440,-55.9791
-9.8125,-47.0905
-9.8089,-47.1184
-3.4200,-54.2778
-4.3757,-56.3041
-12.1413,-43.3932
-6.3970,-43.6989
-12.1420,-43.3868
-4.4675,-54.9719
-11.9113,-43.1310
-16.9745,-51.5770
-14.6180,-50.9437
-12.6843,-60.1729
-19.2673,-44.2947
-9.5073,-43.5701
-14.8827,-45.7432
-9.5509,-47.1503
-15.0620,-56.7613
-11.4203,-55.4316
-11.8050,-57.9424
-15.8091,-57.1041
-16.0955,-53.9287
-15.9403,-54.4572
-15.8308,-57.1189
-15.6709,-59.7782
-8.2125,-51.9605
-13.0074,-56.8492
-11.6802,-59.2179
-8.5105,-54.8944
-14.0800,-52.7000
-8.9970,-60.5812
-17.1817,-56.7634
-13.1957,-56.8152
-7.4500,-50.8400
-8.5000,-54.8800
-9.7900,-50.0300
-7.9600,-54.7100
-10.0100,-64.2700
-10.4500,-56.3000
-9.5400,-68.4600
-10.4400,-61.2600
-9.8770,-60.3160
-9.2900,-56.4500
-8.7200,-54.6800
-9.0400,-68.4600
-6.5642,-43.5982
-8.3434,-46.0202
-17.6600,-53.0300
-11.9900,-56.6200
-7.7896,-45.6115
-3.6200,-50.2000
-6.9781,-49.4407
-21.9161,-48.6820
-7.4306,-46.6211
-14.9213,-48.0791
-6.9812,-49.4346
-6.9762,-49.4614
-22.1379,-48.3611
-6.9803,-49.4391
-14.9128,-48.0716
-6.9779,-49.4524
-22.1422,-48.3619
-7.4270,-45.8807
-21.9065,-48.6843
-14.8770,-48.1275
-7.4256,-46.6201
-7.3978,-46.6620
-21.9047,-48.6935
-7.5253,-46.0216
-7.4027,-46.6628
-6.9822,-49.4627
-14.9251,-48.0854
-13.2400,-56.7700
-13.3500,-54.3100
-13.3500,-54.2900
-12.9800,-53.5500
-12.9200,-53.4700
-12.9300,-53.0100
-13.3700,-54.3100
-12.9300,-52.9700
-12.9300,-52.8800
-14.8996,-48.1181
-7.4214,-45.8849
-7.2292,-46.7692
-21.9003,-48.6923
-7.4223,-45.8798
-14.8783,-48.1254
-7.2297,-46.7662
-7.5301,-46.0225
-21.9056,-48.6889
-7.4244,-47.0909
-7.3094,-47.0118
-5.6700,-47.8400
-6.3200,-52.6100
-6.3200,-52.5900
-15.0800,-60.0400
-13.5100,-52.3100
-17.3690,-56.3000
-17.9510,-56.1400
-2.4650,-58.0210
-12.9310,-52.9390
-12.9250,-53.0210
-2.4510,-57.9210
-2.4510,-57.7270
-12.9240,-52.9500
-12.9230,-53.0110
-18.0060,-53.7890
-6.8880,-55.1670
-11.1735,-51.6686
-11.1738,-51.6393
-11.1742,-51.6726
-11.1746,-51.6434
-3.2700,-54.1600
-9.8081,-51.7184
-9.8103,-51.7188
-9.8112,-51.7232
-15.6420,-55.4997
-15.3300,-59.5900
-19.3020,-46.9340
-15.3230,-59.5950
-19.0640,-46.9960
-8.2800,-55.3070
-19.0630,-47.0040
-8.2780,-54.7870
-23.1460,-47.0640
-15.6980,-59.7780
-23.0700,-46.6360
-8.1200,-55.2600
-11.0779,-50.9539
-10.7127,-51.4123
-8.8998,-51.1255
-8.6806,-48.9159
-8.5018,-48.8945
-8.5012,-48.8896
-8.5006,-48.8845
-7.9419,-49.3744
-7.9414,-49.4226
-7.9412,-49.3691
-7.9410,-49.3730
-7.9366,-49.3877
-7.9329,-49.4067
-7.9322,-49.4014
-7.9316,-49.3963
-7.9310,-49.3959
-23.7854,-51.9804
-8.2702,-48.2468
-18.6500,-57.4000
-13.2000,-51.3500
-13.9070,-48.9544
-20.7238,-45.3845
-6.4848,-47.8583
-15.4342,-48.0398
-19.5287,-43.5306
-20.8990,-47.0321
-20.8978,-47.0271
-20.3930,-47.4587
-20.3877,-47.4576
-20.3864,-47.4589
-20.2521,-47.8243
-20.2510,-47.8194
-3.7715,-43.1647
-3.7675,-43.1653
-3.7668,-43.1602
-3.9944,-44.2867
-3.9932,-44.2785
-6.4633,-45.0949
-7.6309,-44.9870
-23.3606,-47.3690
-23.3584,-47.3704
-23.8791,-47.5105
-22.7500,-47.9805
-22.7492,-47.9786
-22.7490,-47.9762
-22.7481,-47.9741
-22.7435,-47.9803
-23.3643,-47.3689
-23.3632,-47.3644
-23.3615,-47.3795
-23.3610,-47.3729
-6.0888,-43.3960
-5.8586,-43.4365
-19.3545,-43.5572
-19.3598,-43.5662
-9.2611,-40.6702
-19.3636,-43.5508
-21.0563,-41.3950
-17.2933,-52.6947
-11.0145,-51.2530
-16.4832,-55.2869
-16.3266,-55.8547
-16.3255,-55.8714
-13.7371,-51.9973
-13.7441,-51.5174
-12.4217,-54.5598
-12.4208,-54.5548
-12.4170,-54.5607
-14.0918,-58.7760
-12.6247,-53.2482
-12.6208,-53.2274
-17.6438,-53.0602
-12.6202,-53.2522
-12.6202,-53.2244
-18.7870,-53.3005
-19.3190,-43.5174
-20.4074,-43.4674
-14.9118,-48.0796
-14.8696,-48.1186
-22.1670,-48.4065
-17.4667,-53.4918
-22.1404,-48.3711
-7.2820,-42.6910
-8.9890,-47.1470
-8.8850,-46.7510
-7.0560,-42.6330
-22.7110,-43.2350
-5.7610,-40.7910
-12.5270,-51.3780
-6.3237,-52.6409
-6.4991,-52.8933
-6.4986,-52.8959
-6.3531,-52.4780
-11.8095,-60.6694
-18.6003,-57.4089
-13.9224,-56.7610
-17.3993,-57.3656
-17.3986,-57.3612
-10.4560,-61.3049
-17.4066,-57.3866
-13.2057,-52.6193
-17.4037,-57.3916
-10.4532,-61.3090
-17.4030,-57.3873
-10.6520,-56.4195
-14.7630,-59.5229
-6.9174,-55.4118
-17.3656,-56.2968
-14.0800,-52.7300
-7.1593,-49.2951
-7.1568,-49.2845
-7.1542,-49.2738
-7.1517,-49.2633
-7.1491,-49.2526
-7.3270,-49.9580
-15.9501,-56.0346
-15.9491,-56.0293
-7.3247,-49.9485
-4.9400,-49.2800
-16.9800,-55.9100
-17.6300,-57.0500
-7.1740,-49.3139
-12.3400,-50.6500
-12.1000,-53.4700
-12.1700,-54.2100
-12.0300,-56.6800
-12.0900,-53.4700
-12.0500,-56.6800
-12.0300,-57.6400
-7.1715,-49.3033
-7.1690,-49.2928
-7.1665,-49.2822
-7.1639,-49.2715
-7.1614,-49.2610
-8.5048,-54.8974
-8.5033,-54.8904
-8.5017,-54.8834
-7.5969,-50.9295
-8.5162,-54.9021
-8.5146,-54.8951
-8.5131,-54.8881
-9.7913,-56.5853
-9.7930,-56.5933
-9.7948,-56.6013
-8.1599,-49.4691
-8.1623,-49.4790
-8.5712,-51.2131
-8.5848,-51.2268
-8.5867,-51.2349
-8.5904,-51.2509
-8.6034,-51.3067
-8.5965,-51.2326
-8.5946,-51.2246
-8.2879,-49.9202
-8.2856,-49.9107
-8.1794,-49.4644
-8.1770,-49.4543
-17.5800,-57.4000
-8.6267,-51.3180
-8.6249,-51.3100
-3.5600,-54.2100
-4.1200,-44.0900
-7.3500,-45.9900
-8.6063,-51.2303
-8.6044,-51.2223
-16.7200,-57.3800
-10.6700,-45.2200
-16.7000,-57.3900
-8.5913,-51.1660
-8.1892,-49.4621
-10.4349,-59.0849
-10.2102,-58.2080
-10.2123,-58.2178
-8.6051,-51.1371
-8.6070,-51.1453
-8.5972,-51.1475
-8.5991,-51.1557
-8.6346,-51.3077
-10.4325,-59.0736
-10.1939,-57.9376
-10.1919,-57.9282
-9.5794,-55.1018
-9.5778,-55.0947
-9.5892,-55.0997
-9.5876,-55.0924
-6.3600,-35.2100
-10.4955,-59.1313
-9.7082,-55.4059
-9.6800,-55.1847
-8.9603,-52.0000
-8.9586,-51.9925
-8.9483,-51.9478
-8.9718,-52.0051
-5.1900,-47.8200
-5.1900,-47.8700
-8.9701,-51.9977
-8.9684,-51.9902
-8.9667,-51.9828
-9.6949,-55.1587
-9.6933,-55.1516
-8.9782,-51.9879
-8.9075,-51.1217
-8.9020,-51.1079
-8.9026,-51.1115
-8.9031,-51.1151
-8.9765,-51.9805
-7.5256,-50.9737
-7.5261,-50.9771
-7.6881,-50.8807
-7.6821,-50.8636
-7.6827,-50.8671
-7.6848,-50.8812
-7.5230,-50.8880
-9.0800,-49.2600
-8.9748,-51.9730
-8.8674,-51.5097
-8.8656,-51.5019
-8.7154,-50.6388
-8.7174,-50.6473
-9.7075,-54.9835
-8.8956,-51.4538
-9.7714,-55.1794
-9.7699,-55.1721
-9.7619,-55.1362
-8.8493,-51.1222
-8.8474,-51.1142
-8.8456,-51.1060
-8.3183,-48.8804
-8.3157,-48.8695
-10.3501,-57.8054
-10.3481,-57.7960
-10.3243,-57.6841
-9.7812,-55.1772
-9.7797,-55.1699
-9.7749,-55.1484
-9.7733,-55.1413
-8.8572,-51.1119
-8.8553,-51.1038
-8.3333,-48.8996
-8.3307,-48.8888
-21.3920,-48.7414
-21.3915,-48.7374
-22.1979,-48.7890
-22.1945,-48.7895
-21.6818,-49.7234
-21.6823,-49.7277
-5.7378,-46.8542
-8.3281,-48.8779
-2.5691,-47.0756
-2.5979,-47.2821
-8.3255,-48.8671
-10.9088,-68.2683
-9.7879,-55.1605
-9.7863,-55.1534
-14.3753,-46.7796
-9.7847,-55.1463
-8.3507,-48.9296
-8.3482,-48.9188
-10.4039,-57.9628
-8.8768,-51.1073
-8.8749,-51.0992
-8.3580,-48.9164
-10.4117,-57.9511
-8.8866,-51.1050
-8.8847,-51.0969
-8.3702,-48.9249
-14.9900,-48.6600
-8.3677,-48.9141
-8.3651,-48.9034
-8.3625,-48.8926
-10.2998,-57.3762
-8.9002,-51.1188
-10.3208,-57.6859
-14.2040,-59.4923
-11.9912,-53.2917
-11.9919,-53.2964
-8.5639,-54.8955
-11.9861,-53.2829
-11.9868,-53.2876
-8.8983,-51.1108
-8.8964,-51.1026
-4.2900,-55.4200
-8.8945,-51.0946
-8.8926,-51.0866
-8.3748,-48.9010
-8.3723,-48.8902
-8.3697,-48.8793
-8.3671,-48.8685
-10.3077,-57.3652
-10.3058,-57.3563
-8.9061,-51.1003
-8.9783,-51.4098
-8.9801,-51.4175
-8.9819,-51.4254
-8.9837,-51.4332
-10.3039,-57.3475
-8.3820,-48.8877
-8.3846,-48.8986
-8.3794,-48.8769
-5.1100,-47.9400
-8.9917,-51.4231
-8.9899,-51.4152
-8.2925,-48.4734
-8.2898,-48.4618
-8.9887,-51.3661
-8.9869,-51.3582
-8.9851,-51.3503
-8.7123,-50.1875
-8.7102,-50.1785
-8.2996,-48.4594
-9.6686,-54.2995
-9.6670,-54.2925
-9.6655,-54.2855
-8.5335,-47.6810
-8.5304,-47.6682
-10.0642,-54.1809
-10.0627,-54.1740
-10.0678,-54.1509
-10.0662,-54.1440
-10.0647,-54.1370
-9.4672,-51.4261
-9.4654,-51.4183
-9.4715,-51.4005
-9.4697,-51.3927
-8.6703,-48.0308
-9.3956,-67.5395
-8.8560,-67.0069
-8.7785,-67.2327
-10.1168,-54.1398
-10.6588,-56.4212
-10.6570,-56.4133
-10.6686,-56.4192
-10.6668,-56.4112
-10.6651,-56.4030
-10.1756,-54.1264
-9.3078,-50.1301
-9.2916,-50.1057
-9.2937,-50.1147
-9.2958,-50.1236
-9.2980,-50.1325
-10.6744,-56.2085
-10.1921,-54.1082
-10.1937,-54.1151
-10.1952,-54.1221
-10.6565,-56.2206
-10.1839,-54.1172
-10.6864,-56.4068
-10.4174,-49.7584
-5.7431,-53.4842
-9.6597,-47.6031
-6.7819,-52.3941
-9.8558,-51.9005
-9.9149,-52.1572
-9.5112,-56.9020
-9.7459,-51.5144
-11.0689,-49.7613
-9.6587,-54.9944
-10.2298,-49.7943
-6.0744,-55.6301
-10.2277,-49.7853
-10.6300,-59.2600
-17.6939,-53.0696
-14.2463,-44.9236
-6.0357,-44.3045
-8.2676,-55.0114
-8.1370,-42.6274
-1.9390,-56.3276
-2.9222,-47.8834
-10.6247,-51.6419
-16.7238,-55.4718
-7.3574,-55.3541
-1.9384,-56.3244
-3.7899,-41.7274
-17.4739,-57.2442
-17.4612,-57.2425
-2.4200,-49.1000
-20.2705,-41.4260
-17.3773,-41.4409
-4.1800,-48.1718
-16.6782,-56.0690
-4.1764,-48.2188
-6.8523,-52.2731
-4.1842,-48.1723
-4.1807,-48.2194
-6.8564,-52.2805
-4.0815,-48.8142
-16.6830,-56.0745
-4.1800,-48.2234
-6.8570,-52.2773
-4.0859,-48.8149
-13.2344,-56.7887
-4.1842,-48.2241
-15.8096,-57.1085
-6.8599,-52.2614
-4.1849,-48.2201
-16.6838,-56.0703
-9.3220,-56.8313
-4.1939,-48.1658
-6.8646,-52.2655
-4.1945,-48.1619
-4.2306,-47.9700
-6.8652,-52.2623
-4.1965,-48.2019
-16.6847,-56.0662
-4.1972,-48.1980
-8.5700,-54.8700
-10.7444,-49.8872
-18.9763,-56.4609
-5.8128,-47.0128
-20.8627,-54.6511
-6.3800,-44.0700
-12.8400,-53.4600
-9.3100,-56.8200
-9.2800,-50.1600
-9.2800,-50.1000
-9.3100,-50.1700
-12.9000,-53.5400
-12.9000,-53.3600
-9.3000,-50.1100
-12.8700,-53.4700
-12.8700,-53.4100
-12.9000,-53.4800
-6.3800,-44.0700
-6.4100,-44.0800
-6.4800,-44.5900
-6.5100,-44.5900
-12.9000,-53.4200
-6.4800,-44.5400
-7.8500,-48.3100
-7.8500,-48.2900
-4.1500,-51.0400
-7.8800,-49.3600
-7.9300,-49.4200
-8.1800,-49.4700
-12.7800,-54.0200
-8.2500,-55.0100
-4.2200,-46.0900
-8.3700,-48.9100
-8.3700,-48.8900
-8.3700,-48.8700
-8.3600,-56.2700
-14.1600,-52.7800
-11.3200,-55.4300
-11.4100,-54.0600
-11.4200,-54.0300
-11.7300,-54.5400
-11.7500,-54.5400
-6.4000,-44.0700
-11.9700,-56.6200
-11.9700,-56.6000
-12.0300,-56.7200
-12.0300,-56.7000
-6.4200,-44.0900
-12.8600,-62.2000
-12.0300,-56.6800
-12.0400,-56.7000
-12.0500,-56.6800
-13.5200,-60.9900
-17.6800,-53.0700
-7.1000,-49.2900
-17.7000,-53.0900
-17.7000,-53.0700
-7.1500,-49.2700
-18.1600,-50.9300
-14.0800,-52.7900
-15.7400,-59.6800
-18.4600,-50.1900
-7.1700,-49.2700
-18.4600,-50.1700
-18.4800,-50.1600
-7.3400,-55.3700
-18.7100,-57.5700
-18.7100,-57.5500
-7.3400,-55.3500
-21.4500,-46.8500
-3.2000,-54.2800
-7.3600,-55.3700
-3.4200,-54.2700
-14.1000,-52.8100
-16.1100,-54.4600
-3.5300,-54.6100
-7.4700,-50.8400
-17.1800,-56.7500
-3.9400,-51.9800
-3.9600,-51.9800
-12.5600,-54.6800
-4.0800,-54.2900
-14.1000,-52.7900
-4.0800,-54.2700
-12.5600,-54.6600
-14.1000,-52.7700
-16.1100,-54.4400
-4.1300,-51.0400
-12.5600,-54.6400
-17.1800,-56.7300
-7.5000,-49.6300
-7.5000,-49.6100
-17.6300,-57.0500
-7.8300,-48.3300
-8.9700,-52.0000
-4.3700,-55.4200
-8.4400,-50.9100
-8.5900,-51.2300
-8.5900,-51.2100
-8.7400,-54.5200
-8.7300,-61.4400
-8.7100,-50.6300
-9.3000,-56.8200
-8.7400,-61.4200
-8.9900,-60.5900
-9.3000,-50.1400
-9.3000,-50.1200
-9.3100,-50.1400
-4.3900,-54.9400
-9.3100,-50.1100
-9.2600,-57.1200
-9.2900,-56.4300
-12.8800,-53.4700
-9.3000,-56.8200
-4.3900,-54.9200
-9.3000,-56.8000
-9.3200,-56.8200
-9.3200,-56.8000
-9.3400,-56.8000
-4.4700,-47.4500
-9.6100,-57.9300
-9.6100,-57.9100
-9.6600,-54.9200
-12.9100,-52.9100
-14.1200,-52.7600
-9.6400,-64.2700
-4.5300,-55.7900
-16.7800,-57.5400
-9.6400,-64.2500
-9.8100,-51.5300
-9.7900,-56.6100
-9.7900,-56.5900
-4.8900,-47.5600
-10.7300,-49.8900
-10.6700,-56.2100
-6.1500,-53.3000
-10.7500,-49.8800
-10.7700,-49.8800
-10.8100,-51.0700
-12.9200,-53.4300
-10.8100,-51.0500
-6.1600,-55.6100
-10.8300,-51.0700
-10.8300,-51.0500
-10.8500,-51.0900
-10.8500,-51.0700
-6.1600,-55.5900
-11.2300,-54.0900
-6.4000,-44.0900
-12.9200,-53.4100
-11.2300,-54.0700
-11.3000,-55.4300
-12.1900,-54.2100
-6.4200,-44.0700
-12.1900,-54.1900
-12.5100,-54.7700
-12.5100,-54.7300
-12.8800,-62.2000
-14.1600,-52.7600
-12.5200,-54.7700
-17.2000,-58.1200
-6.4900,-44.5900
-16.8000,-57.5400
-12.5400,-54.6800
-12.5400,-54.6600
-12.5400,-54.6400
-6.4900,-44.5700
-10.3100,-51.5900
-10.3100,-51.5400
-10.3300,-50.2700
-12.9200,-53.4900
-14.1400,-52.7800
-10.3300,-50.2500
-5.2000,-49.0300
-10.3500,-50.2900
-10.3500,-50.2500
-10.3700,-50.2700
-10.3900,-50.2900
-5.7900,-57.7100
-6.5100,-44.5900
-13.2400,-56.7900
-6.5100,-44.5700
-15.0600,-60.0400
-6.4900,-52.8900
-13.2400,-56.7700
-6.5400,-62.9200
-6.5600,-62.9400
-13.2600,-56.7900
-6.5800,-62.9200
-15.7200,-59.7100
-16.8000,-57.5200
-6.7200,-52.0300
-13.2600,-56.7700
-15.1900,-49.4300
-6.8300,-52.3600
-17.6300,-57.0300
-17.0000,-51.5600
-15.7200,-59.6900
-17.1600,-56.7600
-17.3300,-56.2800
-6.9900,-50.9500
-13.3500,-54.2900
-17.6100,-57.0500
-17.3300,-56.2600
-17.3300,-56.2400
-17.3500,-56.2800
-6.9900,-50.9300
-17.3500,-56.2400
-13.3700,-54.3100
-17.3700,-56.2800
-7.0200,-50.9100
-17.6500,-57.0300
-17.3700,-56.2300
-14.4300,-50.6300
-13.3500,-54.3100
-6.8300,-52.3800
-17.3900,-56.2700
-14.3500,-47.6400
-7.0800,-49.3200
-13.9400,-44.0300
-17.3900,-56.2500
-6.8100,-52.3800
-13.3700,-54.2900
-15.7400,-59.7000
-17.4100,-56.2900
-7.0800,-49.3000
-8.0800,-55.5300
-8.2500,-55.0100
-8.3300,-48.8900
-8.3500,-48.8900
-8.3700,-48.9100
-8.3700,-48.8900
-8.3900,-48.8900
-8.3700,-48.8700
-8.3600,-56.2700
-8.3700,-56.2700
-8.7800,-61.4200
-8.7800,-61.4400
-8.9700,-52.0000
-8.9700,-51.9800
-9.5900,-57.9300
-9.3200,-56.7800
-9.6100,-57.9300
-9.6100,-57.9100
-9.6400,-54.9200
-9.6600,-54.9200
-15.7371,-59.7064
-14.7800,-54.7300
-15.0600,-60.0400
-15.7200,-59.6900
-16.0900,-54.4600
-16.0900,-54.4400
-16.1100,-54.4400
-16.4300,-55.1100
-16.1100,-54.4600
-16.7800,-57.5400
-16.7800,-57.5200
-16.8000,-57.5400
-16.8600,-57.3100
-17.1600,-56.7400
-17.1800,-56.7500
-17.6100,-57.0500
-17.1800,-56.7300
-17.6300,-57.0500
-17.6300,-57.0300
-17.6500,-57.0300
-10.8500,-51.0700
-10.8300,-51.0500
-9.8900,-49.6100
-9.8900,-49.5900
-9.9600,-54.1400
-12.9200,-53.5100
-10.0300,-59.1400
-4.9100,-47.5600
-10.2900,-51.5700
-10.2900,-51.5500
-10.3100,-50.3200
-5.2000,-49.0500
-10.3400,-57.8000
-10.4500,-53.1100
-10.4600,-53.1100
-12.9200,-53.4700
-10.4600,-53.0900
-5.8300,-51.5900
-10.4000,-61.3000
-10.4000,-61.2800
-10.4000,-61.2600
-10.5000,-52.0700
-5.9100,-53.4900
-10.4200,-61.3000
-10.4200,-61.2800
-10.4200,-61.2600
-12.9200,-53.4500
-14.1400,-52.7600
-10.4400,-61.3000
-6.1300,-53.3000
-16.7800,-57.5200
-10.4400,-61.2800
-9.7014,-63.9131
-9.7879,-67.6159
-9.8102,-64.5011
-11.6405,-65.0578
-7.8484,-72.9101
-8.4601,-72.7940
-10.6307,-69.1465
-9.7943,-67.7343
-9.4083,-67.7837
-11.7300,-54.5600
-11.7300,-54.5400
-11.9700,-56.6200
-11.9700,-56.6000
-12.0300,-56.7200
-12.0300,-56.7000
-12.0400,-56.7000
-12.0300,-56.6800
-12.0500,-56.6800
-13.9400,-44.0300
-12.0800,-53.5200
-14.3500,-47.6400
-14.4300,-50.6300
-12.1700,-54.2100
-12.1700,-54.1900
-17.3300,-56.2800
-17.3300,-56.2400
-11.6390,-65.0593
-9.7563,-64.2094
-10.7500,-65.1800
-11.0900,-49.7800
-11.2300,-54.0900
-11.2300,-54.0700
-11.3000,-55.4300
-11.3200,-55.4300
-11.4200,-54.0300
-4.1300,-51.0200
-7.8300,-48.3100
-7.8300,-48.2900
-4.2200,-46.0700
-8.3700,-56.2700
-8.4400,-50.9100
-8.5700,-51.2100
-12.8700,-53.4300
-8.7600,-54.5200
-4.3200,-50.7200
-8.7300,-61.4400
-8.7400,-61.4400
-8.7400,-61.4200
-8.7800,-61.4400
-4.3700,-55.4400
-8.7800,-61.4200
-8.8000,-61.4400
-8.8000,-61.4200
-12.8700,-53.4100
-14.1200,-52.8100
-11.4100,-54.0600
-17.3500,-56.2800
-12.1900,-54.2100
-17.3700,-56.3000
-17.3700,-56.2300
-17.3900,-56.2900
-12.5100,-54.7700
-17.3900,-56.2300
-17.4100,-56.2900
-12.5400,-54.6600
-17.4100,-56.2700
-17.4100,-56.2500
-12.5400,-54.6800
-17.6500,-50.0500
-17.6700,-50.0500
-17.6800,-53.0700
-18.4600,-50.1700
-18.7100,-57.5700
-19.8400,-55.5300
-12.5600,-54.6400
-12.5400,-54.6400
-12.5600,-54.6800
-14.0900,-52.7600
-4.2600,-47.9700
-2.8500,-54.4700
-10.2900,-50.3200
-10.2900,-50.2700
-15.7509,-59.7033
-15.7440,-59.7049
-10.2303,-64.4728
-10.2230,-64.4657
-15.7249,-59.7162
-9.7475,-64.2068
-10.0598,-68.7594
-15.7217,-59.7658
-10.9923,-68.6177
-8.9900,-60.6100
-8.9900,-60.5900
-9.0100,-60.6000
-9.0100,-60.5900
-9.3100,-50.1400
-9.7098,-64.1239
-10.9051,-69.1500
-7.6610,-72.3901
-9.9961,-64.3147
-9.5549,-68.7158
-8.3037,-72.8142
-9.7176,-67.9678
-9.7034,-64.2201
-9.3000,-50.1400
-9.3100,-50.1100
-9.2600,-57.1200
-9.2900,-56.4300
-9.3000,-56.8000
-9.3200,-56.8200
-15.7454,-59.7066
-15.7385,-59.7082
-10.2470,-64.4697
-15.7316,-59.7098
-9.7096,-64.0423
-15.7375,-59.7364
-10.1433,-63.9761
-15.7277,-59.7247
-15.7262,-59.7181
-10.2297,-64.4730
-15.7193,-59.7197
-10.5769,-68.7151
-10.1580,-69.3240
-15.7775,-60.2070
-10.9266,-68.5213
-15.7707,-60.2084
-10.4292,-67.9134
-15.5842,-59.8559
-10.2196,-64.7031
-15.5856,-59.8624
-15.4509,-59.9995
-10.2203,-64.7070
-15.1561,-59.4867
-10.4652,-68.1653
-9.8839,-67.8978
-15.1489,-59.4875
-10.9898,-68.9617
-15.1504,-59.4942
-15.1523,-59.4880
-15.1536,-59.4937
-10.4660,-68.1699
-15.1467,-59.4959
-15.0684,-60.0550
-15.0669,-60.0482
-9.9984,-63.7369
-15.0585,-60.0430
-8.4649,-72.8013
-10.5037,-68.3798
-9.2725,-64.5039
-15.0600,-60.0499
-9.9924,-63.7380
-9.4234,-67.8427
-15.0632,-60.0639
-15.0616,-60.0568
-15.0517,-60.0446
-9.8345,-64.5688
-15.0533,-60.0516
-10.5812,-68.7144
-15.7318,-59.7146
-15.7363,-59.7345
-15.7264,-59.7228
-9.7300,-50.0100
-9.6400,-64.2700
-9.8100,-51.5300
-9.6400,-64.2500
-9.7900,-56.6100
-9.8900,-49.6100
-9.8900,-49.5900
-9.9700,-51.7600
-10.0300,-59.1400
-10.0300,-64.2900
-10.1400,-58.8200
-10.2900,-51.5900
-10.2900,-51.5500
-10.2900,-51.5700
-10.3100,-50.3200
-10.3100,-51.5900
-10.3100,-51.5400
-10.3500,-50.2900
-10.3400,-57.8000
-10.3500,-50.2500
-10.3700,-50.2900
-10.3700,-50.2700
-10.4500,-53.1100
-10.4100,-57.9600
-10.4600,-53.1100
-10.4600,-53.0900
-10.4000,-61.3000
-10.4000,-61.2800
-10.4200,-61.3000
-10.5000,-52.0700
-10.4200,-61.2800
-10.4400,-61.3200
-10.4400,-61.3000
-10.4400,-61.2800
-10.7300,-49.8900
-10.7500,-49.8800
-10.7700,-49.8800
-10.7300,-49.8600
-10.7600,-51.8800
-10.8100,-51.0700
-13.2600,-56.7900
-10.8100,-51.0500
-10.8300,-51.0700
-13.2600,-56.7700
-13.3700,-54.2900
-13.3500,-54.3100
-13.3500,-54.2900
-13.3700,-54.3100
-13.5200,-60.9900
-14.0800,-52.7900
-14.1000,-52.7900
-14.1000,-52.7700
-14.1200,-52.7800
-14.1200,-52.7600
-14.5300,-57.8800
-14.5000,-51.8700
-9.9915,-63.7335
-15.0548,-60.0587
-15.0464,-60.0533
-10.0864,-64.2546
-15.0482,-60.0611
-10.4289,-67.9119
-9.2733,-64.5081
-15.0672,-60.0494
-10.0872,-64.2588
-11.8442,-65.0009
-10.0954,-64.3014
-9.6877,-64.1370
-9.6451,-67.4478
-10.1619,-65.1534
-10.0011,-64.3094
-9.7025,-64.2154
-9.9953,-64.3103
-9.3660,-68.6386
-9.2950,-68.3015
-8.4696,-63.9164
-9.5991,-63.8992
-9.6768,-68.1925
-8.4705,-63.9211
-9.4043,-67.8713
-9.4052,-67.8763
-10.2617,-67.2890
-9.7138,-67.9733
-9.5505,-68.7166
-9.3996,-67.8722
-9.3903,-67.8739
-9.0728,-72.2060
-9.5388,-68.7274
-9.6326,-63.9117
-9.6108,-67.4214
-12.5600,-54.6600
-12.7800,-54.0200
-4.3700,-55.4400
-4.3900,-55.4400
-12.9200,-53.4500
-4.8900,-47.5600
-4.9100,-47.5600
-12.9200,-53.4300
-5.1800,-49.0500
-5.2000,-49.0500
-5.2000,-49.0300
-5.8300,-51.5900
-5.8900,-53.4900
-5.9100,-53.4900
-6.1500,-53.3200
-6.1500,-53.3000
-6.1600,-55.5900
-12.9200,-53.4100
-6.1600,-55.6100
-12.9300,-52.9300
-6.4000,-44.0900
-6.4000,-44.0700
-6.4200,-44.0900
-6.4900,-44.5900
-6.5100,-52.8900
-6.5100,-44.5700
-6.5400,-62.9400
-6.5400,-62.9200
-6.5600,-62.9400
-6.8100,-52.3800
-6.8300,-52.3800
-7.0200,-50.9100
-7.0300,-50.7600
-6.8300,-52.3600
-7.0300,-50.7400
-7.0800,-49.3200
-4.2300,-46.0700
-4.3200,-50.7200
-7.0800,-49.3000
-7.1000,-49.3200
-4.2200,-46.0700
-12.9200,-53.4700
-4.2300,-46.0900
-7.1000,-49.2900
-12.9200,-53.4900
-7.1500,-49.2700
-4.2200,-46.0900
-4.1500,-51.0400
-7.2500,-64.7400
-12.9100,-52.9100
-4.1300,-51.0200
-7.1700,-49.2700
-4.0800,-54.2900
-7.3400,-55.3700
-12.8900,-53.4500
-3.9600,-51.9800
-7.3400,-55.3500
-3.6600,-45.7400
-12.8700,-53.4100
-6.4200,-44.0700
-7.3600,-55.3700
-12.8800,-53.4700
-7.4700,-50.8400
-4.1300,-51.0400
-3.5300,-54.6100
-13.2100,-50.7300
-3.5100,-54.6100
-13.2100,-50.7100
-12.8700,-53.4300
-12.8800,-62.2000
-3.2100,-50.2400
-7.8600,-49.3600
-7.8800,-49.3600
-3.4200,-54.2700
-3.2000,-54.2800
-7.4900,-61.3800
-7.8800,-49.3400
-12.9000,-53.5400
-12.9000,-53.4800
-12.8700,-53.4100
-12.9000,-53.4200
-20.9300,-48.0200
-17.3500,-56.2800
-20.9300,-47.9700
-20.9600,-48.0400
-6.4500,-44.5800
-6.4500,-44.5400
-6.4800,-44.5900
-7.0800,-49.3000
-8.3600,-48.8800
-7.0800,-49.3600
-9.6600,-48.8200
-9.6600,-48.7600
-9.6900,-48.8200
-11.1100,-49.8000
-12.4700,-53.1200
-12.8800,-53.5900
-12.8400,-53.3900
-12.8700,-53.5300
-12.8700,-53.4700
-11.0500,-49.9500
-11.1100,-49.7500
-11.0600,-50.0000
-12.8800,-52.8600
-9.3857,-67.8747
-9.4215,-68.0789
-9.6335,-63.9163
-9.4446,-68.2114
-13.4558,-60.1941
-13.4569,-60.1882
-8.9065,-67.4145
-9.6949,-64.4273
-12.6869,-60.2706
-12.9994,-62.6019
-13.0004,-62.6068
-12.9922,-62.5982
-8.9075,-67.4200
-12.9932,-62.6031
-13.0008,-62.6047
-12.9946,-62.6059
-12.9936,-62.6010
-8.9946,-72.4896
-9.0787,-68.4396
-10.3137,-68.0081
-12.8816,-62.2062
-9.4562,-67.3026
-12.8806,-62.2010
-12.2913,-60.3389
-12.8366,-62.8633
-9.0601,-68.4664
-12.3135,-60.6704
-12.5688,-62.1501
-12.5346,-62.0183
-12.5737,-62.1500
-9.1921,-69.2354
-10.3083,-68.0043
-12.2313,-60.7551
-12.4449,-62.1042
-12.4442,-62.1071
-11.8055,-60.6648
-8.8610,-67.3550
-12.1606,-62.9064
-12.0095,-62.4767
-12.1400,-63.1502
-12.1409,-63.1548
-9.0556,-68.4671
-10.5895,-69.6466
-12.1418,-63.1595
-9.4513,-67.3034
-12.0127,-62.4740
-12.1386,-63.1495
-12.1395,-63.1541
-8.7979,-67.1427
-12.1404,-63.1587
-11.5063,-60.5750
-11.5097,-60.5747
-11.9503,-62.8029
-9.0089,-68.3331
-10.5901,-69.6502
-11.9513,-62.8079
-9.0097,-68.3378
-9.2910,-68.1147
-8.5578,-64.1478
-8.2201,-72.9280
-9.6496,-64.0981
-9.5273,-67.1669
-9.2789,-68.1266
-9.0617,-72.2289
-9.3115,-68.3100
-10.0960,-64.3006
-11.2034,-65.0943
-9.9754,-63.7207
-9.6954,-63.9144
-11.2025,-65.0957
-9.9762,-63.7253
-9.9615,-63.6805
-8.4045,-72.5822
-9.7496,-64.2061
-9.9490,-68.7210
-9.9840,-63.7999
-9.5630,-68.7100
-9.9562,-63.6858
-9.7128,-64.0411
-10.0486,-64.3051
-10.8929,-65.0492
-10.8874,-65.0503
-10.0478,-64.3008
-10.8927,-65.0497
-9.7341,-64.1553
-9.9214,-68.7170
-10.8872,-65.0508
-10.0428,-64.3062
-9.9269,-63.7294
-9.7445,-64.2115
-10.0305,-64.2730
-10.0313,-64.2774
-10.7814,-64.9416
-9.8160,-64.5975
-9.7586,-67.8574
-10.5907,-64.0433
-10.8301,-68.6671
-9.5674,-68.7359
-10.5924,-64.0427
-10.5929,-64.1102
-10.0255,-64.2786
-10.5870,-64.1112
-9.7437,-64.2072
-10.5771,-64.0908
-10.9093,-69.1493
-10.5713,-64.0919
-10.5687,-64.1104
-10.0238,-64.2698
-10.4793,-68.3651
-9.9251,-68.7158
-15.7228,-59.7679
-10.2232,-64.4699
-9.4280,-67.8419
-15.6924,-59.7610
-10.0246,-64.2742
-10.0188,-64.2753
-9.9647,-64.2459
-9.5556,-68.7201
-9.6974,-64.2207
-10.0003,-64.3051
-10.6819,-69.6493
-10.0020,-64.3137
-10.1612,-65.1498
-9.6513,-64.1070
-9.3644,-68.6356
-9.3652,-68.6400
-10.5624,-69.1015
-9.5712,-67.4469
-9.2954,-68.2983
-9.0624,-72.2330
-8.0158,-72.8233
-9.2798,-68.1294
-9.3110,-68.3131
-10.4149,-68.2845
-6.9898,-71.4897
-8.3656,-72.8371
-9.7267,-64.2467
-9.7608,-67.8604
-10.0179,-64.2708
-9.5630,-68.7366
-10.1928,-65.2268
-9.7599,-64.4243
-10.1934,-65.2305
-10.7897,-68.5132
-9.7607,-64.4287
-9.6918,-67.5462
-10.9293,-69.3148
-10.9299,-69.3186
-10.4409,-68.1966
-9.6446,-63.8434
-9.6710,-67.5391
-9.8987,-63.7784
-9.5637,-68.7408
-9.1819,-68.3003
-10.4104,-68.2853
-9.1406,-68.1416
-9.0588,-72.2336
-9.1786,-68.3630
-10.4316,-68.4052
-9.5415,-67.4467
-9.1524,-68.2376
-9.1478,-68.2384
-10.3945,-68.3249
-9.7504,-64.2104
-9.6667,-64.0908
-9.6005,-67.4739
-9.3920,-68.2626
-9.0585,-72.2083
-9.3070,-67.9067
-9.7744,-64.6924
-9.3078,-67.9116
-9.7536,-64.2278
-9.8012,-67.8550
-9.4036,-67.7845
-11.4383,-65.2913
-10.1195,-64.3951
-10.7133,-69.6626
-10.5367,-68.1243
-10.0881,-64.2579
-11.1663,-64.6039
-10.7139,-69.6662
-9.7957,-67.8509
-9.6676,-64.0953
-9.6227,-67.5157
-9.5329,-68.7195
-9.5337,-68.7238
-9.7801,-64.6914
-9.3401,-67.6439
-9.4194,-68.0941
-7.6902,-72.7798
-8.2716,-72.7705
-9.7854,-64.7195
-9.4036,-68.1651
-9.4185,-68.2495
-9.6318,-63.9072
-9.4136,-68.2744
-9.3912,-68.2579
-9.3194,-68.0605
-9.6241,-63.9320
-9.5263,-67.1614
-9.2998,-68.1376
-9.3911,-68.6580
-9.6344,-63.9862
-13.6292,-59.6569
-9.0838,-68.4151
-13.6319,-59.6450
-13.6335,-59.6526
-8.9227,-66.9762
-9.6471,-64.1342
-9.4842,-67.3198
-8.9841,-67.3541
-9.1387,-68.2399
-6.9831,-72.2935
-10.3898,-68.3153
-9.0506,-72.2054
-8.9130,-67.0090
-7.9033,-72.4086
-8.9141,-67.0148
-10.3913,-68.3241
-9.1233,-68.2327
-9.5986,-67.9616
-9.7072,-67.9894
-9.4202,-68.0988
-9.0685,-72.2024
-9.4482,-68.2589
-10.2560,-67.2846
-9.4595,-68.3235
-9.4505,-68.3251
-10.2569,-67.2898
-9.6180,-67.5165
-8.8550,-67.0011
-15.0589,-60.0442
-15.0603,-60.0511
-15.0635,-60.0655
-15.0618,-60.0580
-13.6275,-59.6495
-8.9855,-72.5239
-9.0368,-68.6236
-10.3233,-68.2764
-9.4523,-67.3089
-9.2996,-68.3007
-9.6445,-64.1036
-8.7795,-67.2383
-8.8240,-67.4840
-9.0386,-68.6234
-9.6313,-64.5372
-9.4764,-67.4417
-8.7776,-67.2369
-11.8388,-65.0019
-10.4676,-68.1638
-9.9767,-63.7220
-11.8334,-65.0029
-9.9626,-63.6819
-10.4684,-68.1684
-10.0861,-69.1586
-9.9564,-63.6825
-9.4242,-67.8476
-9.9879,-63.8433
-10.5045,-68.3788
-9.9888,-63.8479
-9.6962,-63.9189
-9.8004,-67.8501
-9.5568,-67.4494
-7.3903,-72.5508
-9.2962,-68.3029
-6.9390,-71.7782
-9.6505,-64.1025
-9.2790,-68.1246
-8.8203,-67.4833
-9.6643,-64.7120
-9.0178,-68.6363
-11.8517,-65.0018
-8.7272,-67.0944
-11.8456,-64.9993
-11.8402,-65.0003
-11.8348,-65.0013
-8.7183,-67.1019
-10.4846,-69.4517
-11.8557,-65.0023
-8.7588,-67.3314
-11.8550,-64.9988
-11.8503,-65.0033
-9.0288,-69.2133
-10.0203,-66.9149
-9.4543,-67.3113
-11.8436,-64.9974
-9.0252,-69.2182
-8.6910,-67.4192
-10.2091,-67.8384
-7.9068,-72.9336
-8.9667,-72.8422
-10.0021,-64.3091
-10.0263,-67.5387
-9.4484,-67.8342
-9.8974,-63.7777
-9.6479,-64.1386
-15.0536,-60.0529
-15.0551,-60.0600
-15.0520,-60.0458
-15.0468,-60.0546
-8.8550,-67.0015
-15.0486,-60.0629
-14.7343,-59.8087
-14.7114,-59.8046
-13.6596,-59.6585
-8.8555,-67.0044
-9.5981,-63.9026
-13.6579,-59.6508
-9.5627,-67.8672
-13.6507,-59.6524
-8.6920,-67.4246
-7.3684,-72.7140
-9.8876,-64.2161
-8.9659,-72.6048
-8.9487,-69.2352
-10.4822,-69.4525
-9.8885,-64.2204
-9.4534,-67.3059
-9.8537,-64.1876
-8.7838,-68.8819
-9.6141,-64.7672
-10.7077,-68.9868
-9.8049,-64.0244
-8.7847,-68.9129
-9.7989,-64.0255
-9.0008,-72.8449
-8.7833,-68.9573
-9.5631,-64.5241
-9.8309,-64.1962
-9.3978,-67.4421
-9.7981,-64.0210
-9.8208,-64.2073
-8.7654,-68.8805
-9.6084,-64.7683
-9.8149,-64.2082
-10.6923,-69.0750
-8.7930,-69.0388
-10.6930,-69.0790
-9.7590,-63.9451
-8.7886,-69.0395
-9.5681,-64.5833
-10.6881,-69.0758
-9.6245,-68.7262
-9.7333,-63.9082
-8.8111,-69.1945
-8.7883,-69.0430
-9.5500,-64.5822
-8.8090,-69.1943
-7.8193,-72.3452
-10.9197,-69.5991
-10.4611,-63.8362
-10.5950,-64.9777
-9.8524,-63.7715
-7.8155,-72.4473
-7.2929,-72.7379
-8.9247,-72.8249
-9.8783,-63.9083
-9.3442,-64.2557
-10.4580,-64.3170
-7.8543,-72.3095
-8.9752,-72.6399
-8.9767,-68.4761
-10.2131,-67.8394
-11.8565,-64.9973
-9.5643,-67.8650
-11.8571,-65.0008
-9.5969,-68.7746
-9.9378,-64.2243
-10.0908,-65.0444
-9.3451,-64.2600
-9.5977,-68.7789
-9.4514,-67.8378
-9.4014,-67.4899
-8.7822,-69.2456
-10.4122,-68.7857
-9.1928,-71.8995
-9.5450,-64.5874
-9.2071,-72.9541
-9.0026,-72.8566
-9.9638,-64.2415
-9.9212,-66.7414
